Item Name,Item ID,Event ID,Location
Munny Holder,,40,Well01
Munny Holder,,42,Well21
Munny Holder,,45,Well31
Munny Holder,,43,Well20
Lawa [Explorer],383,306,Well27
Munny Holder,,52,Bark15
Munny Holder,,53,Bark13
Munny Holder,,96,Bark27
Munny Holder,,55,Bark17
Munny Holder,,119,BarkHiddenHole
Munny Holder,,83,Bark03
Simple Cube [Explorer],387,310,Bark29
Floating Skull [Brave],384,307,Cove29
Munny Holder,,154,Cove09
Munny Holder,,161,Cove10
Black Berry,,164,Cove11
Munny Holder,,163,Cove11
Munny Holder,,178,CoveHiddenHole
Kaho [Healer],388,311,Koho12
Munny Holder,,127,Koho11
Munny Holder,,124,Koho08
Munny Holder,,126,Koho11
Munny Holder,,125,Koho11
Munny Holder,,82,Koho07
Munny Holder,,48,Spring09
Munny Holder,,90,Spring22
Munny Holder,,133,Spring28
Bakman [Explorer],382,305,Well26
Black Berry,,58,Bark11
Munny Holder,,56,Spring03
Munny Holder,,49,Spring06
Munny Holder,,222,Marsh05
Munny Holder,,226,Marsh13
Munny Holder,,227,Marsh13
Munny Holder,,248,Marsh14
Munny Holder,,225,Marsh13
Vampire Bat [Brave],386,309,Cove19
Ducky [Brave],385,308,Demon04
Cactus [Brave],392,330,Demon24
Grimalkin Spirit [Healer],381,304,KohoHouse02
Nun [Healer],389,312,Moon08
Munny Holder,,50,Well18
